github_url,architecture,continuous_integration,community,documentation,history,license,management,repository_size,unit_test,stars,class
https://github.com/jagregory/fluent-nhibernate,0.926471,0,2,0.057599,3.507463,1,4.223881,78483,0.483294,1233,project
https://github.com/niw/iphone_opencv_test,0.770992,0,1,0.184558,2.363636,1,0.060606,258968,0.071167,384,project
https://github.com/veg/hyphy,0.960526,0,2,0.234975,14.976190,1,6.119048,365250,0.225139,41,project
https://github.com/kennyma/health_graph,0.920000,0,2,0.001171,6.111111,1,1.888889,853,0.520190,45,project
https://github.com/microcai/gentoo-zh,0.500000,0,12,0.074008,34.242718,1,2.757282,15423,0.000000,107,project
https://github.com/samirahmed/Iris-Voice-Automation,1.000000,0,1,0.258043,11.000000,1,8.000000,2240,0.000000,53,project
https://github.com/lex-lingo/lingo,1.000000,1,1,0.282766,5.263158,1,0.368421,6464,0.014588,7,project
https://github.com/pgoergler/Quartz,0.941176,0,2,0.171646,1.827586,0,0.379310,2831,0.109691,2,project
https://github.com/nicanorperera/xaver-template,0.477778,0,2,0.144072,8.428571,1,0.428571,8814,0.000000,2,project
https://github.com/jimlindstrom/xbrlware-ruby19,0.730769,0,2,0.012474,2.000000,1,1.000000,50432,0.000000,8,project
https://github.com/aamattos/GMF-Tooling-Visual-Editor,0.928870,1,2,0.325621,10.000000,1,0.200000,22717,0.000000,7,project
https://github.com/mconf/bigbluebutton_rails,0.769231,1,1,0.094940,8.708333,1,0.437500,11120,0.600597,31,project
https://github.com/ramen/phply,0.785714,0,1,0.105501,11.111111,1,0.444444,3604,0.197908,134,project
https://github.com/steveliles/dsl4xml,0.992908,0,1,0.030269,9.500000,1,0.285714,7785,0.398669,22,project
https://github.com/abulrim/siscode,0.924222,1,2,0.322210,3.235294,1,0.294118,153979,0.006102,4,project
https://github.com/otubo/qemu,0.912669,1,33,0.117149,43.813953,1,0.093023,914622,0.087117,1,project
https://github.com/martynsmith/lg4l,0.875000,0,2,0.160014,6.666667,1,0.333333,4924,0.000000,12,project
https://github.com/jburman/ZeroG,0.855769,0,1,0.099577,2.617021,1,0.000000,24982,0.000000,2,project
https://github.com/achiu/rack-recaptcha,0.833333,1,2,0.092179,2.794118,1,0.323529,472,0.468553,147,project
https://github.com/CRAVA/crava,0.398230,0,5,0.124357,29.162163,1,4.945946,195800,0.026542,1,project
https://github.com/PowerKiKi/qTranslate,0.888889,0,2,0.112919,1.454545,1,0.454545,3543,0.000000,16,project
https://github.com/vext01/hgd,1.000000,0,1,0.127172,4.214286,1,1.285714,7735,0.000000,19,project
https://github.com/SRombauts/SQLiteCpp,0.555556,1,1,0.381356,6.464286,1,1.500000,97572,0.984965,187,project
https://github.com/opencog/opencog,0.975329,0,8,0.290474,169.674423,1,17.453487,240458,0.011572,863,project
https://github.com/Ariloy/redmine_messenger,0.826087,0,0,0.056195,0.000000,0,0.000000,2133,0.014866,0,project
https://github.com/Shuyang/uic-automatic-reviewer,0.952381,0,2,0.093625,8.750000,1,0.000000,7287,0.000000,1,project
https://github.com/darioquintana/NHibernate-Shards,0.909091,0,2,0.033012,1.338462,1,0.015385,54432,0.125030,3,project
https://github.com/lukecampbell/h5py,0.904762,0,2,0.331898,14.000000,1,0.000000,8531,0.080595,0,project
https://github.com/RedTurtle/cciaa.modulistica,0.200000,0,2,0.142012,7.000000,1,2.000000,290,0.261803,0,project
https://github.com/mpaladin/java-dirq,0.960000,1,2,0.250507,11.000000,1,0.000000,2277,0.323826,0,project
https://github.com/mgkimsal/zfkit,0.984966,0,1,0.297863,0.000000,1,0.000000,503969,0.008466,43,project
https://github.com/ddsc/ddsc-worker,0.187500,0,3,0.166490,6.360000,1,0.120000,1577,0.002536,0,project
https://github.com/mensfeld/FB-Video-URL-Converter,0.727273,0,1,0.025000,0.950000,1,0.050000,439,0.300000,2,project
https://github.com/dalmirdasilva/RaspberryIO,0.852459,0,3,0.458382,0.150000,1,0.000000,2709,0.000000,0,project
https://github.com/seblin/launchit,0.875000,0,1,0.555917,8.000000,1,0.000000,423,0.000000,1,project
https://github.com/alx/reprap-arduino-firmware,0.800000,0,1,0.230026,20.000000,1,0.000000,3904,0.000000,10,project
https://github.com/phillord/mathjax-latex,0.500000,0,3,0.168591,1.288462,1,0.173077,360,0.000000,16,project
https://github.com/smcameron/opencscad,1.000000,0,1,0.064909,2.615385,1,0.000000,2305,0.000000,13,project
https://github.com/zopefoundation/zope.app.interface,0.500000,1,2,0.289157,0.190476,0,0.000000,413,0.363861,0,project
https://github.com/PuzzleOpenDataHackdayTeam/finsta-deck,0.551020,0,3,0.214217,18.250000,1,0.000000,1802,0.136970,3,project
https://github.com/verdigris/HappyNewYear,0.666667,0,1,0.102326,0.000000,1,0.000000,579,0.000000,2,project
https://github.com/cmonterrosa/search_routes,0.289474,0,1,0.116318,0.000000,0,0.000000,7035,0.040134,0,project
https://github.com/gbagnoli/openphoto-utils,0.818182,1,2,0.021667,1.545455,1,0.000000,667,0.000000,1,project
https://github.com/Youscribe/opencv-cookbook,0.083333,1,3,0.326797,1.636364,1,0.318182,244,0.013605,7,project
https://github.com/englishtown/stash-hook-mirror,0.909091,1,1,0.120721,4.727273,1,3.000000,989,0.513213,32,project
https://github.com/lpotter/libalignedtimer,0.625000,0,1,0.372763,0.000000,1,0.000000,638,0.339147,0,project
https://github.com/sonatype/maven-guide-en,0.712500,0,2,0.014105,38.200001,1,0.066667,35378,0.152200,13,project
https://github.com/CorlenS/ROIMemberLoot,0.942029,0,2,0.203852,2.333333,1,0.000000,38747,0.000000,0,project
https://github.com/mirego/bourgeois,0.777778,1,1,0.062615,4.277778,1,0.555556,607,0.731602,20,project
https://github.com/charliemorning/weibocrawler,0.722222,0,2,0.277256,20.000000,1,0.000000,2543,0.000000,2,project
https://github.com/tomana/ofxONI1_5,0.807692,0,2,0.567377,44.000000,1,3.000000,9641,0.006859,0,project
https://github.com/tjfontaine/node-addon-layer,0.750000,0,1,0.329961,6.181818,1,0.727273,1917,0.000000,39,project
https://github.com/rcbops-cookbooks/swift-private-cloud,0.062500,0,4,0.284448,43.888889,1,30.000000,6790,0.000000,2,project
https://github.com/jaapverloop/knot,0.666667,1,1,0.278626,8.000000,1,0.000000,191,0.000000,6,project
https://github.com/goccy/p5-Compiler-CodeGenerator-LLVM,0.913043,0,1,0.076351,28.500000,1,1.000000,8860,0.014585,29,project
https://github.com/BadrIT/seo_pages,0.294872,0,2,0.245234,32.000000,1,0.000000,1181,0.602694,4,project
https://github.com/fish2000/h5dj,0.500000,0,0,0.149480,0.000000,1,0.000000,3036,0.148058,2,project
https://github.com/chbrown/pi,0.750000,1,1,0.103960,7.000000,1,0.000000,224,0.000000,1,project
https://github.com/ScottMcMichael/lronacPipeline,1.000000,0,2,0.270424,16.166668,1,0.083333,8000,0.000000,1,project
https://github.com/dreikanter/pyke,0.727273,0,1,0.083799,0.000000,1,0.000000,480,0.000000,31,project
https://github.com/iancook75/oscillocalc,0.666667,0,3,0.084615,0.000000,1,0.000000,735,0.000000,0,project
https://github.com/novapost/django-ticketoffice,0.409091,1,2,0.261233,5.000000,1,2.300000,1471,0.088512,0,project
https://github.com/php-carteblanche/tool-form,1.000000,0,2,0.293103,2.066667,1,0.000000,1359,0.000000,0,project
https://github.com/erdavila/git-svn-diff,0.900000,0,1,0.055745,7.000000,1,0.000000,1018,0.497590,0,project
https://github.com/robertf224/pyTunes,0.333333,0,1,0.228814,0.000000,1,0.000000,160,0.000000,2,project
https://github.com/etherdev/markdown_datafier,0.600000,0,2,0.012158,4.000000,1,0.000000,372,0.572308,2,project
https://github.com/BradStevenson/Project-SciSearcher,1.000000,0,3,0.385484,28.750000,1,3.750000,26298,0.000000,0,project
https://github.com/generators-io-projects/generators,0.986301,0,2,0.218030,6.538462,1,3.000000,3241,0.648411,6,project
https://github.com/yhteentoimivuuspalvelut/ckanext-ytp-drupal,0.125000,0,2,0.109091,2.800000,1,0.100000,217,0.000000,1,project
https://github.com/bingoohuang/buka,0.981132,0,1,0.149810,23.000000,1,0.000000,18345,0.139210,1,project
https://github.com/melizalab/arfx,1.000000,1,1,0.217475,6.666667,1,6.000000,8645,0.000000,0,project
https://github.com/barterli/barter.li,0.708333,0,1,0.155982,21.583332,1,18.000000,33820,0.316536,30,project
https://github.com/giucam/termistor,1.000000,0,1,0.116921,2.428571,1,0.214286,1219,0.000000,8,project
https://github.com/langner/cclib,0.942857,1,2,0.361605,11.000000,1,0.030928,8776,0.123448,0,project
https://github.com/taky/joanne,0.933333,0,1,0.014063,6.727273,1,2.090909,2033,0.000000,1,project
https://github.com/apanzerj/zit,0.666667,0,1,0.102506,68.000000,1,7.000000,461,0.119289,0,project
https://github.com/kzeleny/script.tmdb,0.818182,0,1,0.011790,37.000000,1,0.000000,10896,0.000000,2,project
https://github.com/jlagerweij/swagger-springweb-maven-plugin,0.960000,0,1,0.028698,0.000000,1,0.000000,1817,0.043992,5,project
https://github.com/openSUSE/osc-plugin-factory,0.955556,1,4,0.183106,82.923080,1,25.000000,13051,0.152916,0,project
https://github.com/DevCabin/rootless,0.679012,0,1,0.212934,4.000000,1,0.000000,42852,0.000000,0,project
https://github.com/gagle/raspberrypi-openmax-jpeg,1.000000,0,1,0.138006,10.000000,1,0.000000,1207,0.000000,7,project
https://github.com/yoshizow/global-pygments-plugin,0.833333,0,1,0.291615,4.666667,1,0.833333,715,1.000000,28,project
https://github.com/oguna/SharpXFileParser,0.785714,0,1,0.238126,2.333333,1,0.000000,3529,0.000000,0,project
https://github.com/altstone/doorscenter,0.290196,0,0,0.024085,0.000000,0,0.000000,67629,0.000142,1,project
https://github.com/liulhdarks/darks-codec,1.000000,0,1,0.114170,9.800000,1,0.000000,69068,0.047529,23,project
https://github.com/brigittewarner/trailblaze,0.388235,0,3,0.175278,108.000000,0,1.000000,2414,0.087189,1,project
https://github.com/schjan/RailNet,0.741935,1,1,0.086427,11.222222,1,1.111111,4861,0.224231,0,project
https://github.com/yahim91/FloatingContent,0.961003,0,1,0.105399,13.666667,1,0.000000,235329,0.066416,0,project
https://github.com/futureimperfect/autopkg-notify,0.750000,0,1,0.184810,19.000000,1,1.500000,795,0.000000,4,project
https://github.com/hcs/hcs-cloud,0.947368,0,2,0.130975,11.000000,0,0.333333,966,0.000000,0,project
https://github.com/nsimplex/ktools,0.902174,0,1,0.193307,6.062500,1,0.000000,21851,0.382103,22,project
https://github.com/takawitter/robodova,1.000000,0,1,0.281885,4.666667,1,0.666667,5378,0.000000,0,project
https://github.com/ambitioninc/django-entity-emailer,0.609756,1,2,0.056726,31.428572,1,4.000000,2778,0.332971,7,project
https://github.com/Khan/frankenserver,0.717189,0,9,0.229537,2.654762,1,0.011905,940144,0.337381,7,project
https://github.com/safaci2000/google-voice-java,0.962264,0,4,0.164131,2.672727,1,0.018182,29833,0.055514,1,project
https://github.com/XPerience-NXT/android_build2,0.285714,0,27,0.155580,50.820896,1,0.000000,57484,0.360023,0,project
https://github.com/jltjohanlindqvist/jltflash,1.000000,1,1,0.218341,0.000000,1,0.000000,230,0.453237,0,project
https://github.com/M7S/dockbarx,0.967742,0,2,0.121045,7.863636,1,0.242424,14153,0.000000,30,project
https://github.com/WSULib/quicksearch,0.608247,0,3,0.135654,5.857143,1,0.047619,35933,0.000000,0,project
https://github.com/PigeonPack/pigeon-pack,1.000000,0,1,0.223775,2.833333,1,0.208333,4277,0.000000,0,project
https://github.com/siwilkins/bible_passage,0.818182,0,2,0.006780,3.857143,1,0.142857,1503,0.518771,1,project
https://github.com/UltraSabreman/Free_Sharp_Player,0.892857,0,1,0.011008,4.000000,1,0.000000,34392,0.000000,0,project
https://github.com/v3l0c1r4pt0r/HistoriaPojazdu,0.954545,0,1,0.125410,112.500000,1,0.000000,4006,0.000000,1,project
https://github.com/RobinRadic/laravel-bukkit-swiftapi,0.978723,1,1,0.108495,0.000000,1,0.000000,16189,0.000000,0,project
https://github.com/waltervargas/prestashoperpconnect,0.843750,0,1,0.134128,13.000000,1,9.000000,5668,0.000000,0,project
https://github.com/fperez/coulomb-3body,0.111111,0,2,0.178558,3.000000,1,1.000000,3603,0.000000,0,project
https://github.com/versionone/V1TortoiseSVN,0.750000,0,2,0.082788,0.590909,1,0.000000,2053,0.000000,0,project
https://github.com/koolkode/bpmn,0.974522,1,1,0.249117,38.375000,1,0.125000,10236,0.019620,14,project
https://github.com/snemetz/puppet-dripstat,0.368421,1,1,0.238586,22.000000,1,0.000000,574,0.114833,0,project
https://github.com/nbari/py-sessions,1.000000,0,1,0.118812,0.000000,1,0.000000,322,0.000000,0,project
https://github.com/adejoux/file_sharer,0.422535,0,1,0.364633,0.000000,1,0.000000,1352,0.349873,0,project
https://github.com/dsoprea/M2CryptoWin32,0.886364,0,1,0.328571,2.666667,1,0.000000,3666,0.000000,1,project
https://github.com/godiard/imageviewer-activity,0.666667,0,6,0.143611,4.573333,1,0.160000,812,0.000000,0,project
https://github.com/non117/yuyushiki,1.000000,0,2,0.050847,22.000000,1,2.500000,617,0.000000,11,project
https://github.com/bwildenhain/air-quality-sensor,1.000000,0,2,0.118040,2.000000,1,0.000000,408,0.000000,1,project
https://github.com/akrasic/souschef,0.735294,0,1,0.280176,44.333332,1,0.666667,1048,0.000000,4,project
https://github.com/blueplanet/task_chute,0.125000,1,1,0.422812,0.000000,0,0.000000,618,0.062500,0,project
https://github.com/MeldCE/wp-gallery-hierarchy,1.000000,0,2,0.182906,24.428572,1,0.571429,4430,0.000000,1,project
https://github.com/lucasr/dspec,0.750000,0,1,0.251189,6.750000,1,3.250000,1062,0.000000,537,project
https://github.com/inmoon/ProListView,0.250000,0,1,0.149296,0.000000,1,0.000000,310,0.000000,1,project
https://github.com/Jugendhackt/hackspace-dashboard,1.000000,0,4,0.014278,16.500000,1,0.166667,5567,0.000000,2,project
https://github.com/AfterTheRainOfStars/QQStars,1.000000,0,1,0.072881,53.333332,1,3.000000,11506,0.000000,328,project
https://github.com/os6sense/sunra_ffs_relay,0.750000,1,1,0.248139,3.333333,1,0.000000,351,0.290441,0,project
https://github.com/Kalbintion/Kdkbot,0.939394,0,1,0.138211,12.800000,1,0.000000,2656,0.000000,0,project
https://github.com/NativeScript/nativescript-cli-tests,0.918919,0,1,0.208127,13.571429,1,0.142857,4025,1.074424,5,project
https://github.com/nano-byte/LightTag,0.846154,0,1,0.279238,6.500000,1,0.000000,794,0.000000,0,project
https://github.com/ZachOhara/Bukkit-Location-Manager,0.857143,0,1,0.005420,4.500000,1,0.000000,367,0.000000,0,project
https://github.com/smartpension/signable,0.937500,0,1,0.002967,2.285714,1,0.142857,716,0.416667,0,project
https://github.com/fenicks/rubysoul-ng,0.916667,0,2,0.035620,1.448718,1,0.000000,2205,0.000000,0,project
https://github.com/jjbunn/MultipathODL,0.981494,0,19,0.211735,171.826080,1,0.000000,327091,0.190450,0,project
https://github.com/humangeo/DateSense,1.000000,0,2,0.092014,0.000000,1,0.000000,1061,0.108031,7,project
https://github.com/globocom/content-gateway-ruby,0.750000,0,2,0.010490,3.588235,1,0.235294,1238,0.659894,7,project
https://github.com/PiDyGB/android-slidinglayout,0.875000,0,2,0.255639,5.909091,1,0.000000,1001,0.000000,2,project
https://github.com/relldoesphp/com.aghstrategies.giftmemberships,1.000000,0,3,0.355275,2.250000,1,0.000000,733,0.000000,0,project
https://github.com/blockchain/api-v1-client-php,1.000000,0,2,0.427320,22.000000,1,5.666667,1596,0.000000,42,project
https://github.com/libdynd/libdynd,0.917323,1,2,0.131378,161.750000,1,40.750000,202160,0.112298,130,project
https://github.com/halmd-org/cuda-wrapper,0.666667,0,3,0.264535,1.345679,1,0.000000,2530,0.415397,1,project
https://github.com/lazymaniac/LexSem,0.961538,0,1,0.110074,8.000000,1,2.000000,12697,0.058049,1,project
https://github.com/open-epicycle/Epicycle.Math-cs,0.932432,0,2,0.155731,0.000000,1,0.000000,16837,0.182622,2,project
https://github.com/coreone/tex-boxen,0.222222,0,14,0.150855,17.275862,1,0.000000,1387,0.000000,0,project
https://github.com/ausaccessfed/aaf-lipstick,0.441860,1,1,0.060141,30.333332,1,6.666667,2441,0.496420,0,project
https://github.com/LSST/imgserv,0.833333,0,2,0.248244,13.750000,1,1.000000,1291,0.042037,0,project
https://github.com/eetac/android-logging-log4j,0.666667,0,2,0.304598,2.973684,1,0.000000,486,0.264331,0,project
https://github.com/openregister/entry,0.846154,1,3,0.028030,20.000000,1,3.000000,1346,0.734213,3,project
https://github.com/android-ia/platform_external_chromium_org_third_party_libjingle_source_talk,0.950413,0,2,0.205263,0.000000,1,0.000000,187412,0.006646,0,project
https://github.com/cloudcopy/seafile,0.781250,1,3,0.065347,39.870968,1,0.000000,93626,0.047261,0,project
https://github.com/RetroShare/ChatServer-Frontend,0.666667,0,1,0.329700,2.222222,1,0.000000,1488,0.000000,2,project
https://github.com/calico-g/coraline,0.250000,0,1,0.329400,0.000000,0,0.000000,844,0.254237,0,project
https://github.com/kapilt/contentmirror,0.769231,0,4,0.198917,8.571429,1,0.000000,6987,0.020564,1,project
https://github.com/Philippe2201/alura-provas2,0.900000,0,2,0.004793,0.000000,1,0.000000,7060,0.000000,0,project
https://github.com/daticomunebologna/opendata,0.000000,0,1,0.000000,7.500000,0,0.000000,0,0.000000,2,notproject
https://github.com/unmisha/mycode,0.000000,0,2,0.000000,0.000000,0,0.000000,6,0.000000,0,notproject
https://github.com/hflicka/django-autoload,0.333333,0,1,0.333333,0.000000,1,0.000000,38,0.000000,0,notproject
https://github.com/mitchellzen/intrstmap,0.000000,0,1,0.000000,0.000000,0,0.000000,3,0.000000,0,notproject
https://github.com/rstoyanchev/dispatch-test,1.000000,0,1,0.074766,2.666667,1,0.000000,409,1.000000,1,notproject
https://github.com/jh9027/konqr,0.753623,0,1,0.337989,7.000000,1,0.000000,45549,0.000000,0,notproject
https://github.com/iKolt/sample,0.450000,0,1,0.398148,0.000000,0,0.000000,402,0.125000,0,notproject
https://github.com/hasenj/arabic-writer,0.857143,0,1,0.120805,16.200001,1,0.000000,786,0.000000,9,notproject
https://github.com/dhellmann/metering-prototype,0.555556,0,0,0.087167,0.000000,1,0.000000,493,0.000000,4,notproject
https://github.com/nskrypnik/Pyramid-file-storage-app,0.500000,0,3,0.045113,0.000000,0,0.000000,196,0.218182,2,notproject
https://github.com/JorisSpekreijse/boekhoud,0.000000,0,1,0.039662,2.142857,0,0.000000,1481,0.000000,1,notproject
https://github.com/henning1004/AddSomeFurniture_ReWrite,0.979167,0,1,0.050477,1.750000,0,0.000000,4176,0.000000,0,notproject
https://github.com/crodas/Haanga2,0.866667,0,0,0.356813,0.000000,0,0.000000,18466,0.031886,6,notproject
https://github.com/mikehamer/ardrone_tutorials,1.000000,0,1,0.241627,5.200000,0,0.200000,322,0.000000,24,notproject
https://github.com/kvm/BlueWhale,0.751592,0,2,0.114384,0.000000,1,0.000000,175177,0.000000,0,notproject
https://github.com/darrensemail/hw2_rottenpotatoes,0.360000,0,1,0.275064,0.000000,0,0.000000,564,0.000000,0,notproject
https://github.com/jefigo/Bootcamp,0.169811,0,1,0.313364,0.000000,0,0.000000,691,0.141264,1,notproject
https://github.com/makavellious/sample_app,0.346154,0,1,0.438338,0.000000,0,0.000000,423,0.375000,0,notproject
https://github.com/ekingery/Bar-Napkin,0.857143,0,1,0.430218,0.000000,1,0.000000,948,0.198642,1,notproject
https://github.com/gra/nikitina,0.169231,0,2,0.438048,0.000000,0,0.000000,1091,0.218750,2,notproject
https://github.com/Jim-Holmstroem/SQLightning,0.000000,0,1,0.271186,0.000000,0,0.000000,46,0.000000,0,notproject
https://github.com/WinSir/WinSir.Tools.Markdown.PhotosPost,0.666667,0,1,0.165768,0.000000,0,0.000000,597,0.000000,0,notproject
https://github.com/danlex/bstexample,0.500000,0,1,0.268437,0.000000,0,0.000000,250,0.000000,0,notproject
https://github.com/a1theredbull/FerrisWheel,1.000000,0,1,0.006914,0.000000,0,0.000000,1582,0.000000,0,notproject
https://github.com/benshope/w5d4,0.232143,0,0,0.311367,0.000000,0,0.000000,985,0.343182,0,notproject
https://github.com/pngisnotgif/python,0.457447,0,1,0.077556,25.500000,0,0.000000,3938,0.000000,1,notproject
https://github.com/Carlosmr/NaturalLanguageProccessing,1.000000,0,2,0.059406,0.000000,0,0.000000,97,0.000000,0,notproject
https://github.com/rewbs/ljcu.findbugs.ext,0.250000,0,0,0.138686,0.000000,0,0.000000,354,0.150838,4,notproject
https://github.com/pdonlon/Sudoku-Solver-2,1.000000,0,1,0.127027,0.000000,0,0.000000,323,0.000000,0,notproject
https://github.com/jerbio/My24HourTimerWPF,0.804348,0,1,0.002463,3.666667,1,0.000000,1137230,0.000000,0,notproject
https://github.com/richistron/slim-services,0.872340,0,1,0.422163,0.000000,0,0.000000,6469,0.605980,0,notproject
https://github.com/andreeasandu/wim,0.391304,0,1,0.492063,0.000000,0,0.000000,268,0.086420,0,notproject
https://github.com/Mehdi23/TpJava,0.818182,0,2,0.564910,0.000000,1,0.000000,5117,0.018204,0,notproject
https://github.com/nate-d-olson/MBWG,0.750000,0,1,0.221813,2.571429,0,0.000000,1232,0.000000,0,notproject
https://github.com/novoalg/demo_app,0.195652,0,1,0.293307,0.000000,0,0.000000,854,0.301170,0,notproject
https://github.com/loboweissmann/groovy-grails-na-pratica,0.850000,0,1,0.035948,0.000000,1,0.000000,619,0.127193,1,notproject
https://github.com/jataggart/seven-languages,0.600000,0,1,0.012987,1.333333,0,0.000000,155,0.000000,0,notproject
https://github.com/aangarita/invent,0.925926,0,1,0.193111,10.833333,1,0.000000,775,0.000000,0,notproject
https://github.com/garrettlord/MHacks_Pill_Delivery_Quad,0.901639,0,2,0.119548,0.000000,1,0.000000,61133,0.000000,1,notproject
https://github.com/liuhaodong/hw0-haodongl,0.500000,0,1,0.133333,0.000000,0,0.000000,68,0.000000,0,notproject
https://github.com/lukefx/AccessManager2,0.243902,0,1,0.415317,0.000000,0,0.000000,409,0.119149,0,notproject
https://github.com/ruedigergad/qca-qt5,0.000000,0,1,0.000000,0.000000,0,0.000000,78,0.000000,0,notproject
https://github.com/pulkitsinghal/TestJavaClientsForCouchDB,0.666667,0,2,0.067114,2.000000,1,0.000000,141,0.757895,0,notproject
https://github.com/triplethreatg/elec424-lab2,0.923186,0,2,0.435652,0.000000,1,0.000000,154452,0.000000,0,notproject
https://github.com/Yogendra0Sharma/Python-Design-Patterns,0.920000,0,1,0.162602,0.000000,0,0.000000,1032,0.000000,1,notproject
https://github.com/iso32/EncryptedMessage,0.750000,0,2,0.061765,0.000000,0,0.000000,638,0.000000,0,notproject
https://github.com/rohan1020/songsite,0.302326,0,1,0.217747,0.000000,0,0.000000,1566,0.211604,0,notproject
https://github.com/amarnatht/p2.amar15.biz,0.227273,0,1,0.186246,10.000000,0,0.000000,855,0.000000,0,notproject
https://github.com/rwieckowski/demo-dynamic-proxy,1.000000,0,1,0.000000,0.000000,0,0.000000,61,0.000000,0,notproject
https://github.com/philfromfmf/kovalevskiy,0.241379,0,1,0.200000,0.000000,0,0.000000,1506,0.077143,0,notproject
https://github.com/bilastom/demo_app,0.312500,0,1,0.350575,0.000000,0,0.000000,709,0.306962,0,notproject
https://github.com/numerodix/pybits,1.000000,0,1,0.110909,3.000000,1,0.000000,489,0.000000,3,notproject
https://github.com/jeconje/sms,0.859316,1,2,0.159505,103.000000,1,0.000000,125858,0.000000,0,notproject
https://github.com/kevin-ww/text.classfication,0.928251,0,2,0.352697,0.000000,1,0.000000,8799,0.228928,1,notproject
https://github.com/castoridae/naval-battle-sim,0.920000,0,3,0.173222,141.000000,1,0.000000,24342,0.000000,1,notproject
https://github.com/fazie/algorithms,0.500000,0,1,0.054054,0.000000,0,0.000000,37,0.000000,0,notproject
https://github.com/jw84/eddie,0.227273,0,1,0.326992,15.000000,0,0.000000,576,0.082437,0,notproject
https://github.com/reigner-yrastorza/htdigest-php-web-frontend,0.333333,0,1,0.123457,0.000000,1,0.000000,74,0.000000,0,notproject
https://github.com/hinedavid/dasesedus,0.906250,0,1,0.180368,0.000000,0,0.000000,3033,0.000000,0,notproject
https://github.com/UTAustin/php-site-spring2013,0.125000,0,2,0.000000,0.000000,0,0.000000,825,0.000000,0,notproject
https://github.com/knighthunter09/XPEDIA,0.600000,0,2,0.061662,2.000000,0,0.000000,383,0.000000,1,notproject
https://github.com/stanlemon/lemon-app,0.857143,0,1,0.083990,4.000000,1,0.000000,349,0.000000,0,notproject
https://github.com/neutrino-git/TelerikAcademy,0.714622,0,1,0.170773,96.125000,1,0.000000,608236,0.038972,1,notproject
https://github.com/drackows/poc-rmi,0.800000,0,1,0.029851,0.000000,0,0.000000,325,0.155405,0,notproject
https://github.com/mohitsehgal/MapsApp2,0.625000,0,1,0.475288,0.000000,0,0.000000,637,0.000000,0,notproject
https://github.com/torypayne/exercise4,1.000000,0,1,0.254743,0.000000,0,0.000000,275,0.665455,0,notproject
https://github.com/MZ992/Movie-rental-Store,0.555556,0,0,0.050109,0.000000,0,0.000000,872,0.000000,1,notproject
https://github.com/lmtreser/Python,0.333333,0,0,0.150000,0.000000,0,0.000000,18,0.000000,1,notproject
https://github.com/timbooker/Simple.Data.Linqpad.Tracelistener,0.500000,0,1,0.154839,0.000000,0,0.000000,134,0.000000,0,notproject
https://github.com/r-julien/txl-project,0.960630,0,1,0.310486,8.666667,1,0.000000,385219,0.220245,0,notproject
https://github.com/praetorius/demo1,0.000000,0,1,0.000000,0.000000,0,0.000000,9,0.000000,0,notproject
https://github.com/manuelblanch/ebreescool,0.258621,0,1,0.187587,0.000000,1,0.000000,18762,0.000000,0,notproject
https://github.com/Jorgtre/Cpp,0.750000,0,1,0.096292,0.000000,0,0.000000,1633,0.000000,0,notproject
https://github.com/mmcguinn/PoolVisor,1.000000,0,1,0.055085,0.000000,1,0.000000,894,0.041427,0,notproject
https://github.com/nogrudge/first_app,0.391304,0,1,0.492063,0.000000,0,0.000000,272,0.086420,0,notproject
https://github.com/AlexandreAbraham/movements,0.666667,0,2,0.154440,1.833333,1,0.333333,660,0.000000,0,notproject
https://github.com/thiendv/GSO,0.910714,0,5,0.116529,25.000000,1,0.000000,6740,0.000000,0,notproject
https://github.com/PaulStoffregen/k72memtest,0.000000,0,1,0.090465,0.000000,0,0.000000,374,0.000000,0,notproject
https://github.com/zwgirl/summer,0.959554,0,1,0.255464,10.500000,1,0.000000,571116,0.000035,0,notproject
https://github.com/crisguitar/ProjectEulerProblems,0.523810,0,1,0.012712,0.000000,0,0.000000,933,0.503597,0,notproject
https://github.com/rikikun/SpringExample,0.333333,0,1,0.181452,0.000000,0,0.000000,206,0.000000,0,notproject
https://github.com/xieyilong/test,0.600000,0,1,0.273543,0.000000,0,0.000000,162,0.000000,0,notproject
https://github.com/valerie7869/sample_app4,0.360000,0,1,0.384615,0.000000,0,0.000000,542,0.095238,0,notproject
https://github.com/gastitan/Criaturas,0.833333,0,3,0.013575,0.000000,0,0.000000,221,0.000000,0,notproject
https://github.com/robertbachmann/openbsd-libcrypto,0.275862,0,5,0.169397,11.545455,1,0.000000,4321,0.000000,2,notproject
https://github.com/nicolasfaure/evaluacion,1.000000,0,1,0.025237,0.000000,0,0.000000,309,0.251969,0,notproject
https://github.com/Youngs285/Chapter5Problems,0.125000,0,1,0.225352,0.000000,0,0.000000,330,0.000000,0,notproject
https://github.com/msoltysik/Flask-Mega-Tutorial,0.400000,0,1,0.009091,0.000000,0,0.000000,112,0.000000,0,notproject
https://github.com/johnnyshih99/pulseMVCsample,0.461538,0,1,0.026018,0.000000,1,0.000000,317267,0.000000,0,notproject
https://github.com/smellytofu/customer_relationship_applicaions,1.000000,0,1,0.000000,0.000000,0,0.000000,157,0.000000,0,notproject
https://github.com/jpleau/hockeystreams-ruby,0.000000,0,1,0.277778,0.000000,0,0.000000,26,0.000000,0,notproject
https://github.com/t-larsen/test,0.166667,1,1,0.619048,0.000000,0,0.000000,72,0.000000,0,notproject
https://github.com/anthonylife/EventRecommendation,0.714286,0,2,0.118968,4.200000,1,0.000000,2923,0.000000,1,notproject
https://github.com/zfh1005/demoPackage,0.822086,0,1,0.248822,18.400000,1,0.000000,11166,0.000000,0,notproject
https://github.com/Leozzer/Python-for-DB,0.000000,0,1,0.236364,0.000000,0,0.000000,43,0.000000,0,notproject
https://github.com/yangjisheng/footballlotterycrawler,0.333333,0,2,0.307692,0.000000,0,0.000000,27,0.000000,0,notproject
https://github.com/hectormoreno87/FinditOut,0.545455,0,2,0.159775,16.000000,1,0.000000,29754,0.000000,0,notproject
https://github.com/davidcrotty/DependancyInjection,0.734375,0,1,0.220684,0.000000,0,0.000000,4919,0.413124,0,notproject
https://github.com/jack2606/spotify-voter,0.750000,0,2,0.129915,0.000000,1,0.000000,510,0.842105,0,notproject
https://github.com/Robbi-Blechdose/StarTrekMod,1.000000,0,1,0.091575,2.142857,1,0.000000,746,0.000000,1,notproject
https://github.com/lizuqiliang/AssassinPlatformerGame,0.000000,0,1,0.099537,1.000000,0,0.000000,789,0.000000,0,notproject
https://github.com/ycj0808/Travel,1.000000,0,1,0.176178,3.500000,1,0.000000,4475,0.003875,0,notproject
https://github.com/lalorincon/patron-mvc,0.272727,0,2,0.155039,0.000000,0,0.000000,112,0.000000,0,notproject
https://github.com/mizoguchi-y/first_app,0.080000,0,1,0.464912,0.000000,0,0.000000,321,0.058824,0,notproject
https://github.com/MaikGrunw1/Maik,0.670886,1,3,0.114985,16.500000,1,0.000000,36613,0.040173,0,notproject
https://github.com/RUAN0007/Crisis_Management_System,0.881188,0,1,0.222865,110.000000,1,0.000000,14513,0.111976,0,notproject
https://github.com/dmzadorin/prime,0.761905,0,1,0.214458,0.000000,0,0.000000,1630,0.000000,0,notproject
https://github.com/DarkmatterVale/Pocket-Spacecraft,0.000000,0,1,0.000000,0.000000,1,0.000000,5,0.000000,1,notproject
https://github.com/mpaskew/isc-dev,0.915767,0,2,0.247533,0.000000,1,0.000000,354934,0.002280,0,notproject
https://github.com/demon7452/C,1.000000,0,1,0.032743,19.333332,0,0.000000,1111,0.000000,0,notproject
https://github.com/biwin/eleven,0.500000,0,1,0.249462,0.000000,0,0.000000,350,0.025126,0,notproject
https://github.com/fijiaaron/qa.perfected,0.687500,0,2,0.024317,0.000000,1,0.000000,4230,0.000000,0,notproject
https://github.com/Impulser/OpenRSS,0.818182,0,1,0.218338,0.000000,1,0.000000,8056,0.000000,0,notproject
https://github.com/lejund/etsydemo,0.127660,0,1,0.363418,0.000000,0,0.000000,675,0.240741,0,notproject
https://github.com/Avoduhcado/Press-X-to-Win,1.000000,0,1,0.134763,0.000000,0,0.000000,2141,0.000000,0,notproject
https://github.com/gskielian/Android_01_Java,0.250000,0,2,0.101338,0.000000,0,0.000000,508,0.000000,0,notproject
https://github.com/notcompletelylow/Lab08forBoshart,1.000000,0,2,0.116279,0.000000,0,0.000000,266,0.000000,0,notproject
https://github.com/Dorga/mymuseum,0.930233,0,2,0.159795,0.000000,0,0.000000,5889,0.000000,0,notproject
https://github.com/icotanchev/scripting_lang_first_project,0.748322,0,2,0.194789,10.400000,1,0.000000,125072,0.004017,0,notproject
https://github.com/Gribbleshnibit8/NVSE-Docs-Manager,0.823529,0,1,0.011222,20.000000,1,0.000000,71609,0.000000,1,notproject
https://github.com/korugant/nbad-xtra-assignment,0.666667,0,1,0.128528,0.000000,0,0.000000,1731,0.000000,0,notproject
https://github.com/TrinhThiThuyDung/shopping,0.963410,0,1,0.338216,15.000000,1,0.000000,237015,0.184348,0,notproject
https://github.com/oorion/chess,1.000000,0,1,0.011364,0.000000,0,0.000000,87,0.379310,0,notproject
https://github.com/moroojaldeeb/xceed,0.571429,0,2,0.049696,0.000000,1,0.000000,96568,0.000000,0,notproject
https://github.com/fernandomsilva/Final-Project--RJ-bus-,0.333333,0,3,0.104185,12.500000,1,0.000000,3104,0.000000,0,notproject
https://github.com/JcFowles/MathCalculators,0.545455,0,1,0.048304,0.000000,0,0.000000,929,0.000000,0,notproject
https://github.com/Vallium/get_next_line42,0.600000,0,1,0.418329,0.000000,0,0.000000,933,0.000000,0,notproject
https://github.com/kandx/OA-PHP,0.887906,0,1,0.185309,17.500000,1,0.000000,220758,0.000146,0,notproject
https://github.com/vin047/helloworld-java,0.000000,0,1,0.000000,0.000000,0,0.000000,8,0.000000,0,notproject
https://github.com/EminemJeff/dimsumapp,0.922438,1,1,0.326155,0.000000,0,0.000000,160136,0.006882,0,notproject
https://github.com/stevewitman/rails-practice-nested-resources,0.236842,0,1,0.353130,3.500000,0,0.000000,541,0.000000,0,notproject
https://github.com/yusuke1116/VastariCsharpcode,0.955056,0,1,0.093259,0.000000,0,0.000000,10619,0.000000,0,notproject
https://github.com/mkrzman/KaraokeFinder,0.760479,0,1,0.348562,0.000000,1,0.000000,40924,0.000000,0,notproject
https://github.com/akhilabs/Distributed-Computing,0.666667,0,1,0.094262,0.000000,0,0.000000,222,0.000000,0,notproject
https://github.com/ItWorksOnMyMachine/HuntTheWumpus_SHS,0.666667,0,1,0.029508,0.000000,0,0.000000,292,0.473171,0,notproject
https://github.com/mpratt/Weg,0.888889,0,1,0.396429,0.000000,1,0.000000,507,0.459459,0,notproject
https://github.com/XenoBlaze/hello-world,1.000000,0,1,0.033333,0.000000,0,0.000000,29,0.000000,0,notproject
https://github.com/tatelucas/mayan,0.972441,0,1,0.283228,0.000000,1,0.000000,248520,0.000000,0,notproject
https://github.com/matthewhoendorf/hoendomd-lab06-IntList-master,1.000000,0,1,0.079545,0.000000,0,0.000000,405,0.000000,0,notproject
https://github.com/svoges/toy_app,0.076923,0,1,0.459098,0.000000,0,0.000000,336,0.049587,0,notproject
https://github.com/mohamedahmedabdelfattah/System-Outage,0.500000,0,1,0.200686,0.000000,0,0.000000,466,0.000000,0,notproject
https://github.com/theoriginallazybum/Algebra-Solver2,1.000000,0,1,0.132301,0.000000,0,0.000000,1233,0.000000,0,notproject
https://github.com/esevi/exam01,0.500000,0,1,0.281250,0.000000,0,0.000000,47,0.714286,0,notproject
https://github.com/insane-stdios/WebCalculator,0.333333,0,2,0.111699,0.000000,0,0.000000,1511,0.000000,0,notproject
https://github.com/nawalathar/Lab4_NawalAthar,0.000000,0,1,0.026786,0.000000,0,0.000000,111,0.000000,0,notproject
https://github.com/justanotheruser/Diplom,0.416667,0,1,0.413435,0.000000,0,0.000000,848,0.000000,0,notproject
https://github.com/asiunov/utils,0.000000,0,1,0.042607,0.000000,0,0.000000,382,0.000000,0,notproject
https://github.com/Marghytis/SarahsWorld,0.893617,0,2,0.052642,0.000000,1,0.000000,4822,0.000000,0,notproject
https://github.com/bleakwood/ducking-tyrion,0.300000,0,1,0.084337,0.000000,0,0.000000,211,0.000000,0,notproject
https://github.com/tiptobi/HLM-App,0.800000,0,2,0.432027,0.000000,1,0.000000,7758,0.000000,0,notproject
